{"cameraMode":{"drawMode":0,"name":"Shaded","section":"Shading Mode"},"sceneLighting":true,"audioPlay":false,"sceneViewState":{"showFog":true,"showMaterialUpdate":false,"showSkybox":true,"showFlares":true,"showImageEffects":true,"showParticleSystems":true},"in2DMode":false,"pivot":{"x":-0.7250000238418579,"y":0.0,"z":4.480000019073486},"rotation":{"x":-0.4071611762046814,"y":0.34364673495292666,"z":-0.16856390237808228,"w":-0.8293845653533936},"size":5.4176836013793949,"orthographic":false}